{
  "mse": 3.652587264377309,
  "r2": 0.994474942329703,
  "test_size": 18436,
  "train_size": 73744
}